Metric,Training,Testing
Accuracy,0.9857539082198689,0.972768532526475
Precision,-,0.848851269649335
Recall,-,0.8852459016393442
F1-Score,-,0.8666666666666667
ROC-AUC,-,0.9857057489480638
